<?xml version="1.0" encoding="UTF-8" ?>
<document>
<!--The data in this file is primarily intended for consumption by Xilinx tools.
The structure and the elements are likely to change over the next few releases.
This means code written to parse this file will need to be revisited each subsequent release.-->
<application name="pn" timeStamp="Thu Nov 14 13:07:27 2019">
<section name="Project Information" visible="false">
<property name="ProjectID" value="F2AD9EE1D6F446B78536D65BAD1ABFC3" type="project"/>
<property name="ProjectIteration" value="9" type="project"/>
<property name="ProjectFile" value="Z:/CSEE 4270 Projects/FinalProject/FinalProject.xise" type="project"/>
<property name="ProjectCreationTimestamp" value="2019-10-29T12:18:37" type="project"/>
</section>
<section name="Project Statistics" visible="true">
<property name="PROPEXT_xilxSynthMaxFanout_virtex2" value="100000" type="process"/>
<property name="PROP_Enable_Message_Filtering" value="false" type="design"/>
<property name="PROP_FitterReportFormat" value="HTML" type="process"/>
<property name="PROP_LastAppliedGoal" value="Timing Performance" type="design"/>
<property name="PROP_LastAppliedStrategy" value="Performance with IOB Packing;C:/Xilinx/14.7/ISE_DS/ISE/spartan3e/data/spartan3e_performance_with_iobpacking.xds" type="design"/>
<property name="PROP_ManualCompileOrderImp" value="false" type="design"/>
<property name="PROP_PropSpecInProjFile" value="Store all values" type="design"/>
<property name="PROP_SelectedInstanceHierarchicalPath" value="/Bin2BCD" type="process"/>
<property name="PROP_Simulator" value="ISim (VHDL/Verilog)" type="design"/>
<property name="PROP_SynthOptEffort" value="High" type="process"/>
<property name="PROP_SynthTopFile" value="changed" type="process"/>
<property name="PROP_Top_Level_Module_Type" value="HDL" type="design"/>
<property name="PROP_UseSmartGuide" value="false" type="design"/>
<property name="PROP_UserBrowsedStrategyFiles" value="C:/Xilinx/14.7/ISE_DS/ISE/data/default.xds" type="process"/>
<property name="PROP_UserConstraintEditorPreference" value="Text Editor" type="process"/>
<property name="PROP_intProjectCreationTimestamp" value="2019-10-29T12:18:37" type="design"/>
<property name="PROP_intWbtProjectID" value="F2AD9EE1D6F446B78536D65BAD1ABFC3" type="design"/>
<property name="PROP_intWbtProjectIteration" value="9" type="process"/>
<property name="PROP_intWorkingDirLocWRTProjDir" value="Same" type="design"/>
<property name="PROP_intWorkingDirUsed" value="No" type="design"/>
<property name="PROP_lockPinsUcfFile" value="changed" type="process"/>
<property name="PROP_selectedSimRootSourceNode_behav" value="work.Bin2BCD" type="process"/>
<property name="PROP_xilxBitgStart_IntDone" value="true" type="process"/>
<property name="PROP_xilxMapPackRegInto" value="For Inputs and Outputs" type="process"/>
<property name="PROP_xilxMapTimingDrivenPacking" value="true" type="process"/>
<property name="PROP_xilxPARplacerEffortLevel" value="High" type="process"/>
<property name="PROP_xilxPARrouterEffortLevel" value="High" type="process"/>
<property name="PROP_xilxSynthRegBalancing" value="Yes" type="process"/>
<property name="PROP_xstPackIORegister" value="Yes" type="process"/>
<property name="PROP_AutoTop" value="true" type="design"/>
<property name="PROP_DevFamily" value="Spartan3E" type="design"/>
<property name="PROP_ibiswriterOutputFile" value="ClkDiv" type="process"/>
<property name="PROP_DevDevice" value="xc3s250e" type="design"/>
<property name="PROP_DevFamilyPMName" value="spartan3e" type="design"/>
<property name="PROP_MapExtraEffort" value="Normal" type="process"/>
<property name="PROP_xilxPARextraEffortLevel" value="Normal" type="process"/>
<property name="PROP_DevPackage" value="cp132" type="design"/>
<property name="PROP_Synthesis_Tool" value="XST (VHDL/Verilog)" type="design"/>
<property name="PROP_DevSpeed" value="-4" type="design"/>
<property name="PROP_PreferredLanguage" value="Verilog" type="design"/>
<property name="PROP_netgenPostMapSimModelName" value="ClkDiv_map.v" type="process"/>
<property name="PROP_netgenPostParSimModelName" value="ClkDiv_timesim.v" type="process"/>
<property name="PROP_netgenPostSynthesisSimModelName" value="ClkDiv_synthesis.v" type="process"/>
<property name="PROP_netgenPostXlateSimModelName" value="ClkDiv_translate.v" type="process"/>
<property name="FILE_UCF" value="1" type="source"/>
<property name="FILE_VERILOG" value="12" type="source"/>
</section>
</application>
</document>
